author,site,spec,lat,lon,int,vadm,age,notes
tauxe,sr29,sr29c1,43.305,247.7322,40.8,67.94495181815086,204 ± 84 ka,
tauxe,sr30,sr30a1,43.3682,247.3447,50.2,83.54172787250167,71 ± 36 ka,
tauxe,sr30,sr30a2,43.3682,247.3447,48.5,80.71262553418985,71 ± 36 ka,
tauxe,sr34,sr34b1,43.8859,247.1995,72.9,120.64405349245837,930 ± 20 ka,
tauxe,sr34,sr34j1,43.8859,247.1995,80.5,133.22148568097253,930 ± 20 ka,
tauxe,sr37,sr37j1,43.5329,248.2937,38.0,63.12629672864641,x,
Cromwell et al. 2014,A-8,A-8a,64.7232,-19.6146,76.8,106.87683872917664,Weichsel,
Cromwell et al. 2014,A-8,A-8b,64.7232,-19.6146,74.4,103.53693751888987,Weichsel,
Cromwell et al. 2014,A-8,A-8c,64.7232,-19.6146,80.5,112.02585309503542,Weichsel,
Cromwell et al. 2014,A-8,A-8d,64.7232,-19.6146,81.6,113.55664114975018,Weichsel,
Cromwell et al. 2014,A-8,A-8e,64.7232,-19.6146,80.3,111.74752799417818,Weichsel,
Cromwell et al. 2014,A11,A11b,64.52199999999999,-18.4717,49.6,69.10631338927432,Weichsel,
Cromwell et al. 2014,A11,A11c,64.52199999999999,-18.4717,50.1,69.80294961295652,Weichsel,
Cromwell et al. 2014,A11,A11d,64.52199999999999,-18.4717,52.1,72.58949450768533,Weichsel,
Cromwell et al. 2014,A11,A11e,64.52199999999999,-18.4717,48.0,66.87707747349128,Weichsel,
Cromwell et al. 2014,A24,A24b,64.673,-17.7661,59.8,83.24369240960502,Weichsel,
Cromwell et al. 2014,A24,A24c,64.673,-17.7661,53.2,74.05626147476568,Weichsel,
Cromwell et al. 2014,A24,A24d,64.673,-17.7661,70.6,98.2776703029785,Weichsel,
Cromwell et al. 2014,A24,A24e,64.673,-17.7661,67.0,93.26634433852068,Weichsel,
Cromwell et al. 2014,A26,A26a,64.6923,-17.8965,36.0,50.10758804949051,Weichsel,
Cromwell et al. 2014,A26,A26b,64.6923,-17.8965,40.9,56.92778753400448,Weichsel,
Cromwell et al. 2014,A26,A26c,64.6923,-17.8965,42.5,59.15479144731517,Weichsel,
Cromwell et al. 2014,A29,A29b,63.968999999999994,-18.6798,79.1,110.57216299016908,Weichsel,
Cromwell et al. 2014,A29,A29e,63.968999999999994,-18.6798,83.2,116.30346347385675,Weichsel,
Cromwell et al. 2014,A2,A2b,64.4488,-20.5173,36.2,50.45829061091106,Weichsel,
Cromwell et al. 2014,A2,A2c,64.4488,-20.5173,42.3,58.96093074147894,Weichsel,
Cromwell et al. 2014,A32,A32c,64.1058,-18.5154,19.8,27.65521397288162,,
Cromwell et al. 2014,A3,A3d,64.429,-20.5704,33.8,47.11851421848681,Weichsel,
Cromwell et al. 2014,A4,A4b,64.4528,-20.3061,39.0,54.35985472641936,late weichsel,
Cromwell et al. 2014,A4,A4c,64.4528,-20.3061,39.1,54.49923896930762,late weichsel,
Cromwell et al. 2014,A4,A4e,64.4528,-20.3061,36.2,50.457095925548224,late weichsel,
Cromwell et al. 2014,A6,A6b,64.5156,-19.8878,53.1,73.98556208431198,saale,
Cromwell et al. 2014,A6,A6c,64.5156,-19.8878,77.7,108.26135920811754,saale,
Cromwell et al. 2014,A6,A6e,64.5156,-19.8878,55.5,77.32954229151252,saale,
Cromwell et al. 2014,HEL-2,HEL-2a,64.0161,-21.8424,52.5,73.36777100813194,early weichsel,
Cromwell et al. 2014,HEL-2,HEL-2b,64.0161,-21.8424,44.1,61.628927646830846,early weichsel,
Cromwell et al. 2014,HEL-2,HEL-2c,64.0161,-21.8424,42.9,59.951950023787816,early weichsel,
Cromwell et al. 2014,HEL-2,HEL-2d,64.0161,-21.8424,41.0,57.29673545396972,early weichsel,
Cromwell et al. 2014,ICE-08R-07,ICE-08R-07b,63.9964,-21.8887,61.7,86.2348335091115,early weichsel,
Cromwell et al. 2014,ICE-08R-07,ICE-08R-07c,63.9964,-21.8887,77.3,108.03813014998896,early weichsel,
Cromwell et al. 2014,ICE-08R-07,ICE-08R-07d,63.9964,-21.8887,57.0,79.66589157243686,early weichsel,
Cromwell et al. 2014,ICE-08R-07,ICE-08R-07e,63.9964,-21.8887,76.2,106.50071820736298,early weichsel,
Cromwell et al. 2014,ICE-08R-08,ICE-08R-08a,64.5697,-18.1997,44.1,61.42603493284446,early weichsel,
Cromwell et al. 2014,ICE-08R-08,ICE-08R-08b,64.5697,-18.1997,50.9,70.89762308575472,early weichsel,
Cromwell et al. 2014,ICE-08R-08,ICE-08R-08c,64.5697,-18.1997,26.1,36.35418393984672,early weichsel,
Cromwell et al. 2014,ICE-08R-08,ICE-08R-08d,64.5697,-18.1997,45.9,63.93322003214423,early weichsel,
Cromwell et al. 2014,ICE-08R-10,ICE08R-10c,64.3717,-18.2484,38.3,53.4098378222662,weichsel,
Cromwell et al. 2014,ICE08R-16,ICE08R-16a,64.8269,-17.7023,34.0,47.2866091641773,weichsel,
Cromwell et al. 2014,ICE08R-16,ICE08R-16c,64.8269,-17.7023,33.4,46.452139590691814,weichsel,
Cromwell et al. 2014,ICE08R-23,ICE08R-23c,64.3222,-18.4605,38.6,53.844031300772606,weichsel,
Cromwell et al. 2014,ICE08R-23,ICE08R-23d,64.3222,-18.4605,31.2,43.52160042964003,weichsel,
Cromwell et al. 2014,ICE08R-23,ICE08R-23e,64.3222,-18.4605,39.2,54.68098515518878,weichsel,
Cromwell et al. 2014,ICE08R-24,ICE08R-24b,64.3205,-18.4326,31.9,44.49849668561571,weichsel,
Cromwell et al. 2014,ICE08R-24,ICE08R-24d,64.3205,-18.4326,38.4,53.56558848675998,weichsel,
Cromwell et al. 2014,ICE08R-24,ICE08R-24e,64.3205,-18.4326,35.3,49.24128316621425,weichsel,
Cromwell et al. 2014,KVIH-1,KVIH-1a,65.8402,-16.9862,47.0,64.98964264557152,weichsel,
Cromwell et al. 2014,KVIH-1,KVIH-1b,65.8402,-16.9862,41.7,57.66102336851772,weichsel,
Cromwell et al. 2014,LON-1,LON-1e,63.9717,-21.9451,37.6,52.559362909971064,early weichsel,
Cromwell et al. 2014,NAL-500,NAL-500a,64.7806,-17.5113,30.7,42.70856447360051,weichsel,
Cromwell et al. 2014,NAL-500,NAL-500c,64.7806,-17.5113,32.5,45.21264968703637,weichsel,
Cromwell et al. 2014,NAL-500,NAL-500d,64.7806,-17.5113,28.5,39.64801587940113,weichsel,
Cromwell et al. 2014,NAL-500,NAL-500e,64.7806,-17.5113,30.7,42.70856447360051,weichsel,
Cromwell et al. 2014,NAL-837,NAL-837b,65.8402,-16.9862,31.0,42.86550897899399,weichsel,
Cromwell et al. 2014,NAL-837,NAL-837e,65.8402,-16.9862,36.8,50.88550743312834,weichsel,
Cromwell et al. 2014,REY-1,REY-1b,63.8124,-22.7137,43.2,60.44559595306917,0-1.2ka,
Cromwell et al. 2014,a15,a15x1,64.2018,-19.0556,18.7,26.10379917799488,weichsel,
Cromwell et al. 2014,a15,a15x2,64.2018,-19.0556,19.1,26.662169213887818,weichsel,
Cromwell et al. 2014,a15,a15x3,64.2018,-19.0556,20.4,28.476871830539867,weichsel,
Cromwell et al. 2014,a15,a15x4,64.2018,-19.0556,19.0,26.522576704914577,weichsel,
Cromwell et al. 2014,a15,a15x6,64.2018,-19.0556,19.1,26.662169213887818,weichsel,
Cromwell et al. 2014,a15,a15x7,64.2018,-19.0556,19.0,26.522576704914577,weichsel,
Cromwell et al. 2014,a15,a15x8,64.2018,-19.0556,18.0,25.12665161518224,weichsel,
Cromwell et al. 2014,a28,a28x1,63.9741,-18.7922,31.5,44.03180749881775,weichsel,
Cromwell et al. 2014,a28,a28x2,63.9741,-18.7922,33.7,47.10704484794152,weichsel,
Cromwell et al. 2014,a28,a28x6,63.9741,-18.7922,29.8,41.655487729040274,weichsel,
Cromwell et al. 2014,a28,a28x7,63.9741,-18.7922,29.8,41.655487729040274,weichsel,
Cromwell et al. 2014,a30 ,a30x1,64.0614,-18.534000000000002,29.5,41.214464818597186,weichsel,
Cromwell et al. 2014,a30 ,a30x4,64.0614,-18.534000000000002,29.4,41.07475476836465,weichsel,
Cromwell et al. 2014,a30 ,a30x8,64.0614,-18.534000000000002,26.9,37.58200351255133,weichsel,
Cromwell et al. 2014,a31,a31x6,64.1103,-18.4616,59.7,83.382408795564,weichsel,
Cromwell et al. 2014,a31,a31x7,64.1103,-18.4616,58.8,82.1253875574399,weichsel,
Cromwell et al. 2014,a31,a31x8,64.1103,-18.4616,60.0,83.80141587493868,weichsel,
Cromwell et al. 2014,a34,a34x1,64.0878,-19.0542,29.9,41.76667943941022,weichsel,
Cromwell et al. 2014,a34,a34x2,64.0878,-19.0542,30.7,42.88418256822387,weichsel,
Cromwell et al. 2014,a34,a34x3,64.0878,-19.0542,30.6,42.74449467712217,weichsel,
Cromwell et al. 2014,a34,a34x4,64.0878,-19.0542,30.7,42.88418256822387,weichsel,
Cromwell et al. 2014,a34,a34x5,64.0878,-19.0542,30.6,42.74449467712217,weichsel,
Cromwell et al. 2014,a34,a34x6,64.0878,-19.0542,33.0,46.09700406356312,weichsel,
Cromwell et al. 2014,a34,a34x7,64.0878,-19.0542,30.7,42.88418256822387,weichsel,
Cromwell et al. 2014,a34,a34x8,64.0878,-19.0542,29.1,40.64917631059657,weichsel,
Cromwell et al. 2014,a34,a38x4,64.1885,-18.957,45.4,63.380039568068305,late weichsel,
Cromwell et al. 2014,isl002a,isl002a3,63.9974,-21.8866,39.0,54.5079130947389,early weichsel,
Cromwell et al. 2014,isl002a,isl002a4,63.9974,-21.8866,38.3,53.52956593662821,early weichsel,
Cromwell et al. 2014,isl002a,isl002a5,63.9974,-21.8866,37.9,52.97051041770782,early weichsel,
Cromwell et al. 2014,isl002b,isl002b1,63.9974,-21.8866,44.3,61.91539872043419,early weichsel,
Cromwell et al. 2014,isl002b,isl002b2,63.9974,-21.8866,46.6,65.1299679542265,early weichsel,
Cromwell et al. 2014,isl002b,isl002b3,63.9974,-21.8866,43.2,60.3779960434031,early weichsel,
Cromwell et al. 2014,isl002b,isl002b4,63.9974,-21.8866,44.3,61.91539872043419,early weichsel,
Cromwell et al. 2014,isl002b,isl002b5,63.9974,-21.8866,44.7,62.4744542393546,early weichsel,
Cromwell et al. 2014,isl002c,isl002c2,63.9974,-21.8866,37.9,52.97051041770782,early weichsel,
Cromwell et al. 2014,isl002c,isl002c3,63.9974,-21.8866,37.0,51.712635500136905,early weichsel,
Cromwell et al. 2014,isl002c,isl002c4,63.9974,-21.8866,36.2,50.59452446229612,early weichsel,
Cromwell et al. 2014,isl002c,isl002c5,63.9974,-21.8866,38.1,53.25003817716801,early weichsel,
Cromwell et al. 2014,isl003,isl003a3,63.9458,-22.0018,34.6,48.37335821085743,early weichsel,
Cromwell et al. 2014,isl004,isl004b5,63.9112,-22.0111,13.9,19.43729138007647,early weichsel,
Cromwell et al. 2014,isl007,isl007a1,64.1205,-21.3162,17.4,24.30092366688884,late weichsel ,
Cromwell et al. 2014,isl007,isl007a4,64.1205,-21.3162,17.6,24.580244628577223,late weichsel ,
Cromwell et al. 2014,isl007,isl007a5,64.1205,-21.3162,16.9,23.602621262667892,late weichsel ,
Cromwell et al. 2014,isl007,isl007b4,64.1205,-21.3162,17.0,23.742281743512088,late weichsel ,
Cromwell et al. 2014,isl009,isl009e5,64.1154,-21.2981,17.7,24.72066130852517,early weichsel,
Cromwell et al. 2014,isl010,isl010a1,64.1183,-21.261,86.3,120.52858533620986,< 2ka,
Cromwell et al. 2014,isl010,isl010a2,64.1183,-21.261,89.4,124.85811737030316,< 2ka,
Cromwell et al. 2014,isl010,isl010a3,64.1183,-21.261,85.3,119.13196209940557,< 2ka,
Cromwell et al. 2014,isl010,isl010a4,64.1183,-21.261,74.5,104.04843114191928,< 2ka,
Cromwell et al. 2014,isl010,isl010a5,64.1183,-21.261,87.7,122.48385786773588,< 2ka,
Cromwell et al. 2014,isl011a,isl011a,64.1002,-21.2473,29.2,40.785827722274874,late weichsel ,
Cromwell et al. 2014,isl011a,isl011a3,64.1002,-21.2473,25.5,35.617760510890726,late weichsel ,
Cromwell et al. 2014,isl011b1,isl011b1,64.1002,-21.2473,29.1,40.6461502300753,late weichsel ,
Cromwell et al. 2014,isl011b1,isl011b3,64.1002,-21.2473,29.1,40.6461502300753,late weichsel ,
Cromwell et al. 2014,isl011b1,isl011b4,64.1002,-21.2473,29.0,40.506472737875725,late weichsel ,
Cromwell et al. 2014,isl011c,isl011c2,64.1002,-21.2473,21.8,30.449693299506585,late weichsel ,
Cromwell et al. 2014,isl011c,isl011c3,64.1002,-21.2473,24.9,34.779695557693294,late weichsel ,
Cromwell et al. 2014,isl012a,isl012a3,64.1155,-21.1407,35.9,50.1396163056862,late weichsel ,
Cromwell et al. 2014,isl012a,isl012a5,64.1155,-21.1407,35.3,49.30162828943518,late weichsel ,
Cromwell et al. 2014,isl012b,isl012b3,64.1155,-21.1407,29.5,41.20107746567529,late weichsel ,
Cromwell et al. 2014,isl012c,isl012c1,64.1155,-21.1407,39.1,54.60888572569166,late weichsel ,
Cromwell et al. 2014,isl012c,isl012c3,64.1155,-21.1407,33.5,46.78766424068211,late weichsel ,
Cromwell et al. 2014,isl012c,isl012c4,64.1155,-21.1407,36.8,51.39659833006273,late weichsel ,
Cromwell et al. 2014,isl013a,isl013a,64.0438,-21.3581,41.8,58.40498218299219,late weichsel ,
Cromwell et al. 2014,isl013a,isl013a1,64.0438,-21.3581,41.8,58.40498218299219,late weichsel ,
Cromwell et al. 2014,isl013a,isl013a2,64.0438,-21.3581,42.7,59.6625057228174,late weichsel ,
Cromwell et al. 2014,isl013a,isl013a3,64.0438,-21.3581,44.6,62.31727764022613,late weichsel ,
Cromwell et al. 2014,isl013a,isl013a4,64.0438,-21.3581,41.7,58.265257345233856,late weichsel ,
Cromwell et al. 2014,isl013a,isl013a5,64.0438,-21.3581,37.7,52.676263834899665,late weichsel ,
Cromwell et al. 2014,isl013b,isl013b,64.0438,-21.3581,39.6,55.3310357523084,late weichsel ,
Cromwell et al. 2014,isl013b,isl013b2,64.0438,-21.3581,36.9,51.55846513283283,late weichsel ,
Cromwell et al. 2014,isl013b,isl013b3,64.0438,-21.3581,38.0,53.095438348174724,late weichsel ,
Cromwell et al. 2014,isl013b,isl013b4,64.0438,-21.3581,42.9,59.9419553983341,late weichsel ,
Cromwell et al. 2014,isl013b,isl013b5,64.0438,-21.3581,39.5,55.191310914550044,late weichsel ,
Cromwell et al. 2014,isl013c,isl013c4,64.0438,-21.3581,34.9,48.763968377665734,late weichsel ,
Cromwell et al. 2014,isl013d,isl013d,64.0438,-21.3581,43.6,60.920029262642586,late weichsel ,
Cromwell et al. 2014,isl013e,isl013e,64.0438,-21.3581,48.4,67.6268214750436,late weichsel ,
Cromwell et al. 2014,isl014b,isl014b2,64.0168,-21.2358,67.1,93.77060346493627,early brunhes,
Cromwell et al. 2014,isl014b,isl014b8,64.0168,-21.2358,61.8,86.36398351912165,early brunhes,
Cromwell et al. 2014,isl014b,isl014b9,64.0168,-21.2358,57.1,79.79584885019169,early brunhes,
Cromwell et al. 2014,isl014d,isl014d1,64.0168,-21.2358,54.9,76.72140283494785,early brunhes,
Cromwell et al. 2014,isl014d,isl014d2,64.0168,-21.2358,78.4,109.56207617959771,early brunhes,
Cromwell et al. 2014,isl014d,isl014d3,64.0168,-21.2358,84.5,118.08667649459188,early brunhes,
Cromwell et al. 2014,isl014d,isl014d4,64.0168,-21.2358,78.3,109.42232863345022,early brunhes,
Cromwell et al. 2014,isl014d,isl014d5,64.0168,-21.2358,81.9,114.4532402947583,early brunhes,
Cromwell et al. 2014,isl015c,isl015c1,63.9835,-16.8414,106.8,149.28033171931128,> .757 Ma,
Cromwell et al. 2014,isl018a,isl018a3,63.9814,-16.8799,51.3,71.70578647155607,.65 Ma,
Cromwell et al. 2014,isl020a,isl020a3,63.9867,-16.8495,31.1,43.469370223478,< .780 Ma,
Cromwell et al. 2014,isl020a,isl020a5,63.9867,-16.8495,31.5,44.028461801915014,< .780 Ma,
Cromwell et al. 2014,isl020c,isl020c1,63.9867,-16.8495,30.5,42.63073285582247,< .780 Ma,
Cromwell et al. 2014,isl020c,isl020c2,63.9867,-16.8495,31.5,44.028461801915014,< .780 Ma,
Cromwell et al. 2014,isl020c,isl020c3,63.9867,-16.8495,29.6,41.372776804339196,< .780 Ma,
Cromwell et al. 2014,isl020c,isl020c4,63.9867,-16.8495,30.4,42.49095996121322,< .780 Ma,
Cromwell et al. 2014,isl030a,isl030a3,64.092,-16.9772,40.3,56.29280039922971,< .780 Ma,
Cromwell et al. 2014,isl038a,isl038a4,64.0081,-16.8736,46.5,64.98601418916293,3.94+-.06 Ma,
Cromwell et al. 2014,isl040a,isl040a1,64.027,-16.8828,53.6,74.90008478541374,3.20 - 3.94 Ma,
Cromwell et al. 2014,isl040a,isl040a2,64.027,-16.8828,53.6,74.90008478541374,3.20 - 3.94 Ma,
Cromwell et al. 2014,isl040a,isl040a5,64.027,-16.8828,35.6,49.74707123807329,3.20 - 3.94 Ma,
Cromwell et al. 2014,isl041a,isl041a2,64.0268,-16.8801,51.1,71.40669665033731,3.2–3.35 Ma,
Cromwell et al. 2014,isl041a,isl041a3,64.0268,-16.8801,45.1,63.02234870704917,3.2–3.35 Ma,
Cromwell et al. 2014,isl041a,isl041a5,64.0268,-16.8801,44.6,62.32365304510849,3.2–3.35 Ma,
Cromwell et al. 2014,isl045a,isl045a2,64.0268,-16.8736,52.5,73.3630445037712,2.35–2.59 Ma,
Cromwell et al. 2014,isl045a,isl045a3,64.0268,-16.8736,48.7,68.05295747302205,2.35–2.59 Ma,
Cromwell et al. 2014,isl045a,isl045a4,64.0268,-16.8736,43.7,61.06600085361527,2.35–2.59 Ma,
Cromwell et al. 2014,isl046a,isl046a2,64.0264,-16.8745,61.0,85.24107600777533,3.20 ± 0.09 Ma,
Cromwell et al. 2014,isl046a,isl046a3,64.0264,-16.8745,50.7,70.84791071465916,3.20 ± 0.09 Ma,
Cromwell et al. 2014,isl046a,isl046a5,64.0264,-16.8745,53.0,74.0619184985589,3.20 ± 0.09 Ma,
Cromwell et al. 2014,isl046a,isl046a6,64.0264,-16.8745,44.8,62.60328205161204,3.20 ± 0.09 Ma,
Cromwell et al. 2014,isl046a,isl046a7,64.0264,-16.8745,53.9,75.31957371834574,3.20 ± 0.09 Ma,
Cromwell et al. 2014,isl047b,isl047b1,63.9356,-17.7029,72.9,101.9258693312259,5.194 ± 0.04 ka,
Cromwell et al. 2014,isl047b,isl047b2,63.9356,-17.7029,66.3,92.69801284856347,5.194 ± 0.04 ka,
Cromwell et al. 2014,isl047b,isl047b4,63.9356,-17.7029,65.1,91.02022076080667,5.194 ± 0.04 ka,
Cromwell et al. 2014,isl047b,isl047b5,63.9356,-17.7029,64.5,90.18132471692826,5.194 ± 0.04 ka,
Cromwell et al. 2014,isl047b,isl047b6,63.9356,-17.7029,60.2,84.16923640246638,5.194 ± 0.04 ka,
Cromwell et al. 2014,isl047b,isl047b8,63.9356,-17.7029,67.2,93.95635691438105,5.194 ± 0.04 ka,
Cromwell et al. 2014,isl048a,isl048a1,63.8985,-17.7361,44.8,62.65162215135271,1783 C.E.,
Cromwell et al. 2014,isl048a,isl048a2,63.8985,-17.7361,42.3,59.15543787951383,1784 C.E.,
Cromwell et al. 2014,isl048a,isl048a5,63.8985,-17.7361,48.5,67.82597487367427,1785 C.E.,
Cromwell et al. 2014,isl048a,isl048a6,63.8985,-17.7361,45.0,62.93131689309982,1786 C.E.,
Cromwell et al. 2014,isl048a,isl048a7,63.8985,-17.7361,50.4,70.4830749202718,1787 C.E.,
Cromwell et al. 2014,isl048a,isl048a8,63.8985,-17.7361,43.1,60.27421684650228,1788 C.E.,
Cromwell et al. 2014,isl048b,isl048b1,63.8985,-17.7361,46.3,64.74933271445603,1789 C.E.,
Cromwell et al. 2014,isl048b,isl048b2,63.8985,-17.7361,63.3,88.52338576296042,1790 C.E.,
Cromwell et al. 2014,isl048b,isl048b3,63.8985,-17.7361,45.8,64.05009586008826,1791 C.E.,
Cromwell et al. 2014,isl048b,isl048b4,63.8985,-17.7361,41.4,57.89681154165183,1792 C.E.,
Cromwell et al. 2014,isl048b,isl048b5,63.8985,-17.7361,44.2,61.812537926111396,1793 C.E.,
Cromwell et al. 2014,isl048b,isl048b7,63.8985,-17.7361,46.1,64.46963797270894,1794 C.E.,
Cromwell et al. 2014,isl049b,isl049b4,63.7646,-17.9549,46.7,65.36178953421799,934 C.E.,
Cromwell et al. 2014,isl050s,isl050s1,63.7965,-18.0688,48.3,67.5880597307411,2.58 Ma,
Cromwell et al. 2014,isl051a,isl051a1,63.9132,-17.8117,22.5,31.462860938556815,2.58 Ma,
Cromwell et al. 2014,isl051a,isl051a3,63.9132,-17.8117,21.1,29.50517181349106,2.58 Ma,
Cromwell et al. 2014,isl051a,isl051a5,63.9132,-17.8117,20.5,28.66616218846288,2.58 Ma,
Cromwell et al. 2014,isl051a,isl051a6,63.9132,-17.8117,19.4,27.12797787591121,2.58 Ma,
Cromwell et al. 2014,isl051a,isl051a7,63.9132,-17.8117,19.3,26.98814293840651,2.58 Ma,
Cromwell et al. 2014,isl051a,isl051a8,63.9132,-17.8117,20.6,28.80599712596758,2.58 Ma,
Cromwell et al. 2014,isl053a,isl053a2,63.9174,-17.7894,46.8,65.44108894375688,2.58 Ma,
Cromwell et al. 2014,isl053a,isl053a4,63.9174,-17.7894,56.9,79.56405899358475,2.58 Ma,
Cromwell et al. 2014,isl053a,isl053a5,63.9174,-17.7894,52.5,73.41147798177855,2.58 Ma,
Cromwell et al. 2014,isl053b,isl053b2,63.9174,-17.7894,44.3,61.945304277957895,2.58 Ma,
Cromwell et al. 2014,isl054a,isl054a3,63.9174,-17.7927,34.7,48.52149116128984,2.58 Ma,
Cromwell et al. 2014,isl054a,isl054a4,63.9174,-17.7927,34.6,48.38165977465786,2.58 Ma,
Cromwell et al. 2014,isl054a,isl054a5,63.9174,-17.7927,34.6,48.38165977465786,2.58 Ma,
Cromwell et al. 2014,isl054a,isl054a6,63.9174,-17.7927,34.7,48.52149116128984,2.58 Ma,
Cromwell et al. 2014,isl054a,isl054a7,63.9174,-17.7927,35.1,49.08081670781766,2.58 Ma,
Cromwell et al. 2014,isl057a,isl057a1,63.9176,-17.7832,24.3,33.97898586698565,2.58 Ma,
Cromwell et al. 2014,isl057a,isl057a2,63.9176,-17.7832,24.2,33.839154649426035,2.58 Ma,
Cromwell et al. 2014,isl057a,isl057a3,63.9176,-17.7832,23.9,33.419660996747204,2.58 Ma,
Cromwell et al. 2014,isl057a,isl057a4,63.9176,-17.7832,23.3,32.580673691389535,2.58 Ma,
Cromwell et al. 2014,isl057a,isl057a5,63.9176,-17.7832,23.8,33.27982977918759,2.58 Ma,
Cromwell et al. 2014,isl058a,isl058a3,63.9178,-17.7819,25.2,35.23742421917617,2.58 Ma,
Cromwell et al. 2014,isl058a,isl058a5,63.9178,-17.7819,25.2,35.23742421917617,2.58 Ma,
Cromwell et al. 2014,isl058a,isl058a6,63.9178,-17.7819,26.9,37.614552043485666,2.58 Ma,
Cromwell et al. 2014,isl058a,isl058a7,63.9178,-17.7819,24.6,34.3984379282434,2.58 Ma,
Cromwell et al. 2014,isl063b,isl063b3,63.7987,-18.058,52.0,72.7646406145778,2.58 Ma,
Cromwell et al. 2014,isl063b,isl063b4,63.7987,-18.058,50.4,70.52572859566772,2.58 Ma,
Cromwell et al. 2014,isl063b,isl063b5,63.7987,-18.058,49.3,68.98647658266702,2.58 Ma,
Cromwell et al. 2014,isl065a,isl065a3,64.0951,-21.7518,59.5,83.11065223226512,7–11 ka,
Cromwell et al. 2014,isl065a,isl065a4,64.0951,-21.7518,61.5,85.9042876014169,7–11 ka,
Cromwell et al. 2014,isl065a,isl065a5,64.0951,-21.7518,62.2,86.88205998062001,7–11 ka,
Cromwell et al. 2014,isl065a,isl065a6,64.0951,-21.7518,59.4,82.97097046380755,7–11 ka,
Cromwell et al. 2014,isl065a,isl065a7,64.0951,-21.7518,59.7,83.39001576918031,7–11 ka,
Cromwell et al. 2014,isl065a,isl065a8,64.0951,-21.7518,55.8,77.94242679933436,7–11 ka,
Cromwell et al. 2014,isl066a,isl066a2,64.0076,-21.9211,85.4,119.35101781227262,0.799 ka,
Cromwell et al. 2014,isl066a,isl066a3,64.0076,-21.9211,85.4,119.35101781227262,0.799 ka,
Cromwell et al. 2014,isl066a,isl066a4,64.0076,-21.9211,73.4,102.58038299087599,0.799 ka,
Cromwell et al. 2014,isl066a,isl066a5,64.0076,-21.9211,98.5,137.65896082563057,0.799 ka,
Cromwell et al. 2014,isl066a,isl066a7,64.0076,-21.9211,84.8,118.51248607120274,0.799 ka,
Cromwell et al. 2014,isl066a,isl066a8,64.0076,-21.9211,86.3,120.60881542387733,0.799 ka,
Cromwell et al. 2014,islhha,islhha1,64.7984,-17.2003,50.1,69.68979483919887,Weichsel,
Cromwell et al. 2014,islhha,islhha2,64.7984,-17.2003,65.5,91.1114084225055,Weichsel,
Cromwell et al. 2014,islhha,islhha3,64.7984,-17.2003,55.0,76.50576279752372,Weichsel,
Cromwell et al. 2014,islhha,islhha4,64.7984,-17.2003,49.8,69.2724906784851,Weichsel,
Cromwell et al. 2014,islhha,islhha5,64.7984,-17.2003,51.5,71.63721425586311,Weichsel,
Cromwell et al. 2014,islhha,islhha6,64.7984,-17.2003,64.9,90.276800101078,Weichsel,
Cromwell et al. 2014,islhha,islhha7,64.7984,-17.2003,64.3,89.44219177965044,Weichsel,
Cromwell et al. 2014,islhha,islhha8,64.7984,-17.2003,49.5,68.85518651777134,Weichsel,
Cromwell et al. 2014,islhhb,islhhb4,65.1617,-16.9243,38.4,53.30261514111313,Weichsel,
Cromwell et al. 2014,islhhb,islhhb5,65.1617,-16.9243,30.8,42.75313922776782,Weichsel,
Cromwell et al. 2014,islhhb,islhhb6,65.1617,-16.9243,30.2,41.92028586618793,Weichsel,
Cromwell et al. 2014,islhhb,islhhb7,65.1617,-16.9243,31.6,43.863610376541025,Weichsel,
Cromwell et al. 2014,islhhb,islhhb8,65.1617,-16.9243,37.3,51.77571731155,Weichsel,
Cromwell et al. 2014,islhhc,islhhc1,65.4266,-16.8156,31.1,43.10420749404963,∼14 ka,
Cromwell et al. 2014,islhhc,islhhc2,65.4266,-16.8156,29.3,40.60943021143582,∼14 ka,
Cromwell et al. 2014,islhhc,islhhc3,65.4266,-16.8156,31.7,43.93579992158757,∼14 ka,
Cromwell et al. 2014,islhhc,islhhc4,65.4266,-16.8156,31.7,43.93579992158757,∼14 ka,
Cromwell et al. 2014,islhhc,islhhc5,65.4266,-16.8156,32.9,45.598984776663436,∼14 ka,
Cromwell et al. 2014,islhhc,islhhc6,65.4266,-16.8156,29.7,41.16382516312778,∼14 ka,
Cromwell et al. 2014,islhhc,islhhc7,65.4266,-16.8156,31.7,43.93579992158757,∼14 ka,
Cromwell et al. 2014,islhhc,islhhc8,65.4266,-16.8156,31.4,43.520003707818596,∼14 ka,
Cromwell et al. 2014,islhhd,islhhd1,65.033,-16.233,33.3,46.25767720299332,Weichsel,
Cromwell et al. 2014,islhhd,islhhd2,65.033,-16.233,34.7,48.20244441272878,Weichsel,
Cromwell et al. 2014,islhhd,islhhd3,65.033,-16.233,35.0,48.61918024338638,Weichsel,
Cromwell et al. 2014,islhhd,islhhd4,65.033,-16.233,34.7,48.20244441272878,Weichsel,
Cromwell et al. 2014,islhhd,islhhd5,65.033,-16.233,38.6,53.620010211277545,Weichsel,
Cromwell et al. 2014,islhhd,islhhd6,65.033,-16.233,36.0,50.00829967891171,Weichsel,
Cromwell et al. 2014,islhhd,islhhd7,65.033,-16.233,31.7,44.0350861061528,Weichsel,
Cromwell et al. 2014,islhhd,islhhd8,65.033,-16.233,33.8,46.95223692075598,Weichsel,
Cromwell et al. 2014,islhhe,islhhe4,64.9248,-17.0856,50.3,69.91652709577494,early weichsel,
Cromwell et al. 2014,islhhe,islhhe6,64.9248,-17.0856,32.3,44.896696325915116,early weichsel,
Cromwell et al. 2014,islhhe,islhhe7,64.9248,-17.0856,51.3,71.30651769410048,early weichsel,
Cromwell et al. 2014,islhhf,islhhf1,64.7384,-16.6223,43.3,60.252023783918304,<0.78 Ma,
Cromwell et al. 2014,islhhf,islhhf3,64.7384,-16.6223,40.8,56.77326952387684,<0.78 Ma,
Cromwell et al. 2014,islhhf,islhhf7,64.7384,-16.6223,46.1,64.14822855516478,<0.78 Ma,
Cromwell et al. 2014,islhhf,islhhf8,64.7384,-16.6223,42.8,59.556272931910016,<0.78 Ma,
Cromwell et al. 2014,islhhf,islhhg1,64.7899,-17.1823,52.3,72.75363548885427,Weichsel,
Cromwell et al. 2014,islhhg,islhhg2,64.7899,-17.1823,55.6,77.34420904742443,Weichsel,
Cromwell et al. 2014,islhhg,islhhg3,64.7899,-17.1823,60.9,84.7169483990674,Weichsel,
Cromwell et al. 2014,islhhg,islhhg4,64.7899,-17.1823,58.9,81.93478260599458,Weichsel,
Cromwell et al. 2014,islhhg,islhhg5,64.7899,-17.1823,60.1,83.60408208183826,Weichsel,
Cromwell et al. 2014,islhhg,islhhg7,64.7899,-17.1823,69.6,96.81936959893417,Weichsel,
Cromwell et al. 2014,islhhg,islhhg8,64.7899,-17.1823,69.0,95.98471986101234,Weichsel,
Cromwell et al. 2014,islhhj,islhhj2,64.1722,-19.1385,14.5,20.24449795560659,Weichsel,
Cromwell et al. 2014,islhhj,islhhj3,64.1722,-19.1385,13.9,19.406794591926317,Weichsel,
Cromwell et al. 2014,islhhj,islhhj6,64.1722,-19.1385,11.6,16.19559836448527,Weichsel,
Cromwell et al. 2014,islhhl,islhhl1,65.4251,-16.8161,32.8,45.4607739442584,∼14 ka,
Cromwell et al. 2014,islhhl,islhhl2,65.4251,-16.8161,27.3,37.83777831336141,∼14 ka,
Cromwell et al. 2014,islhhl,islhhl3,65.4251,-16.8161,29.6,41.02557648628198,∼14 ka,
Cromwell et al. 2014,islhhl,islhhl4,65.4251,-16.8161,33.2,46.01517362650545,∼14 ka,
Cromwell et al. 2014,islhhl,ishhl5,65.4251,-16.8161,36.7,50.86617084616718,∼14 ka,
Cromwell et al. 2014,islhhl,islhhl6,65.4251,-16.8161,32.9,45.599373864820166,∼14 ka,
Cromwell et al. 2014,islhhl,islhhl7,65.4251,-16.8161,32.2,44.62917442088782,∼14 ka,
Cromwell et al. 2014,islhhl,islhhl8,65.4251,-16.8161,32.8,45.4607739442584,∼14 ka,
Cromwell et al. 2014,kvk117,kvk117x1,64.867,-16.35,26.6,36.98617674064927,Weichsel,
Cromwell et al. 2014,kvk117,kvk117x2,64.867,-16.35,24.7,34.34430697346003,Weichsel,
Cromwell et al. 2014,kvk117,kvk117x3,64.867,-16.35,26.0,36.15190207732635,Weichsel,
Cromwell et al. 2014,kvk117,kvk117x4,64.867,-16.35,24.8,34.48335275068052,Weichsel,
Cromwell et al. 2014,kvk117,kvk117x5,64.867,-16.35,26.0,36.15190207732635,Weichsel,
Cromwell et al. 2014,kvk117,kvk117x6,64.867,-16.35,27.6,38.37663451285413,Weichsel,
Cromwell et al. 2014,kvk117,kvk117x8,64.867,-16.35,26.0,36.15190207732635,Weichsel,
Cromwell et al. 2014,kvk77,kvk77x1,64.8167,-16.4833,17.6,24.479230147091844,Weichsel,
Cromwell et al. 2014,kvk77,kvk77x2,64.8167,-16.4833,24.6,34.21528759195792,Weichsel,
Cromwell et al. 2014,kvk77,kvk77x4,64.8167,-16.4833,19.0,26.426441636065054,Weichsel,
Cromwell et al. 2014,kvk77,kvk77x5,64.8167,-16.4833,21.1,29.347258869524882,Weichsel,
Cromwell et al. 2014,kvk77,kvk77x7,64.8167,-16.4833,23.0,31.989903033131387,Weichsel,
Cromwell et al. 2014,kvk77,kvk77x8,64.8167,-16.4833,16.4,22.81019172797194,Weichsel,
Cromwell et al. 2014,nal460 ,nal460x1,65.8792,-17.1556,28.7,39.67652015148619,early brunhes,
Cromwell et al. 2014,nal585,nal585x1,65.028,-16.229,26.6,36.9516452470315,Weichsel,
Cromwell et al. 2014,nal585,nal585x3,65.028,-16.229,28.2,39.17430060023639,Weichsel,
Cromwell et al. 2014,nal585,nal585x5,65.028,-16.229,31.2,43.341779387495585,Weichsel,
Cromwell et al. 2014,nal585,nal585x6,65.028,-16.229,39.1,54.3161401939448,Weichsel,
Cromwell et al. 2014,nal585,nal585x7,65.028,-16.229,30.0,41.674787872591914,Weichsel,
Cromwell et al. 2014,nal585,nal585x8,65.028,-16.229,30.1,41.81370383216722,Weichsel,
Cromwell et al. 2014,nal828,nal828x2,65.8402,-16.9862,29.2,40.37654394150401,,
Cromwell et al. 2014,ret1,ret1x1,63.6721,-19.4923,121.6,170.28852725732798,,
Cromwell et al. 2014,thren,threnx3,64.0013,-21.4626,38.4,53.66806848787543,eary weichsel,
Wang et al. 2015,1,1.4,-1.0,,3.2,8.271313157461922,,
Wang et al. 2015,1,1.7,-1.0,,4.9,12.665448272363568,,
Wang et al. 2015,1,1.8,-1.0,,3.2,8.271313157461922,,
Wang et al. 2015,27,27.8,-1.0,,46.3,119.67556224702716,,
Wang et al. 2015,29,29.5,-1.0,,31.2,80.64530328525373,,
Wang et al. 2015,30,30.1,-1.0,,24.4,63.06876282564714,,
Wang et al. 2015,30,30.2,-1.0,,25.9,66.94594086820742,,
Wang et al. 2015,30,30.3,-1.0,,45.7,118.12469103000306,,
Wang et al. 2015,30,30.8,-1.0,,46.8,120.96795492788058,,
Wang et al. 2015,60,60.5,-1.0,,140.9,364.1962574644952,,
Wang et al. 2015,67,67.4,-1.0,,136.4,352.5647233368144,,
Wang et al. 2015,83,83.2,-1.0,,18.5,47.81852919157673,,
Wang et al. 2015,9,9.1,-1.0,,48.3,124.84513297044087,,
Wang et al. 2015,9,9.2,-1.0,,45.5,117.60773395766168,,
Wang et al. 2015,9,9.3,-1.0,,46.8,120.96795492788058,,
